N°;CODIGO;CARRERA;CURSO;CRED.;TIPO;GPO;HT;HP;DIA;"HR/INICIO";"HR/FIN";AULA;AFORO LÍMITE;MATRICULADOS;DOCENTES
1;IF060AIN;INGENIERIA INFORMATICA;MUSICA;2;P;A;0;2;VIERNES;11;13;IN107;50;48;OLMER CLAUDIO VILLENA LEON
2;IF060AIN;INGENIERIA INFORMATICA;MUSICA;2;P;A;0;2;SÁBADO;9;11;IN107;50;48;OLMER CLAUDIO VILLENA LEON
3;IF063AIN;INGENIERIA INFORMATICA;QUECHUA;2;P;A;0;2;VIERNES;7;9;IN202;50;29;RAIMAR ABARCA MORA
4;IF063AIN;INGENIERIA INFORMATICA;QUECHUA;2;P;A;0;2;SÁBADO;7;9;IN202;50;29;RAIMAR ABARCA MORA
5;IF063BIN;INGENIERIA INFORMATICA;QUECHUA;2;P;B;0;2;VIERNES;14;16;IN202;50;23;LISHA SABAH DIAZ CACERES
6;IF063BIN;INGENIERIA INFORMATICA;QUECHUA;2;P;B;0;2;SÁBADO;16;18;IN202;50;23;LISHA SABAH DIAZ CACERES
7;IF064AIN;INGENIERIA INFORMATICA;TALLER DE DEBATE;2;P;A;0;2;JUEVES;11;13;IN206;50;39;LISETH URPY SEGUNDO CARPIO
8;IF064AIN;INGENIERIA INFORMATICA;TALLER DE DEBATE;2;P;A;0;2;SÁBADO;7;9;IN206;50;39;LISETH URPY SEGUNDO CARPIO
9;IF107ALI;INGENIERIA ELECTRONICA;PROGRAMACION DIGITAL I;3;T;A;2;0;MARTES;11;13;EL-206;;53;ELIDA FALCON HUALLPA
10;IF107ALI;INGENIERIA ELECTRONICA;PROGRAMACION DIGITAL I;3;P;A;0;2;JUEVES;11;13;EL-206;;53;ELIDA FALCON HUALLPA
11;IF109ALI;INGENIERIA ELECTRONICA;PROGRAMACION DIGITAL II;3;T;A;2;0;MARTES;17;19;EL-206;;36;RAY DUEÑAS JIMENEZ
12;IF109ALI;INGENIERIA ELECTRONICA;PROGRAMACION DIGITAL II;3;P;A;0;2;JUEVES;17;19;LAB311;24;36;RAY DUEÑAS JIMENEZ
13;IF167AFI;FISICA;PROGRAMACION CIENTIFICA;4;T;A;2;0;LUNES;7;9;C-122;;15;WALDO ELIO IBARRA ZAMBRANO
14;IF167AFI;FISICA;PROGRAMACION CIENTIFICA;4;T;A;1;0;VIERNES;7;8;C-122;;15;WALDO ELIO IBARRA ZAMBRANO
15;IF167AFI;FISICA;PROGRAMACION CIENTIFICA;4;P;A;0;2;MIÉRCOLES;7;9;C-122;;15;WALDO ELIO IBARRA ZAMBRANO
16;IF212AEI;INGENIERIA ELECTRICA;ANALISIS NUMERICO;3;T;A;2;0;MARTES;9;11;IE-101;;29;MARITZA KATHERINE IRPANOCA CUSIMAYTA
17;IF212AEI;INGENIERIA ELECTRICA;ANALISIS NUMERICO;3;P;A;0;2;JUEVES;9;11;IE-101;;29;MARITZA KATHERINE IRPANOCA CUSIMAYTA
18;IF391AMI;INGENIERIA DE MINAS;SISTEMA DE BASE DE DATOS;2;P;A;0;1;JUEVES;16;17;IM-204;;46;DENNIS IVAN CANDIA OVIEDO
19;IF391AMI;INGENIERIA DE MINAS;SISTEMA DE BASE DE DATOS;2;P;A;0;3;JUEVES;17;20;IM-204;;46;MARIA DEL PILAR VENEGAS VERGARA
20;IF401AMI;INGENIERIA DE MINAS;PROGRAMACION DIGITAL;2;P;A;0;1;LUNES;16;17;IM-204;;45;CARLOS RAMON QUISPE ONOFRE
21;IF401AMI;INGENIERIA DE MINAS;PROGRAMACION DIGITAL;2;P;A;0;3;LUNES;17;20;IM-204;;45;CARLOS RAMON QUISPE ONOFRE
22;IF401BMI;INGENIERIA DE MINAS;PROGRAMACION DIGITAL;2;P;A;0;1;LUNES;16;17;LAB311;24;24;ENRIQUE GAMARRA SALDIVAR
23;IF401BMI;INGENIERIA DE MINAS;PROGRAMACION DIGITAL;2;P;A;0;3;LUNES;17;20;LAB311;24;24;ENRIQUE GAMARRA SALDIVAR
24;IF450AIN;INGENIERIA INFORMATICA;ABSTRACCION DE DATOS Y OBJETOS;4;T;A;2;0;MARTES;9;11;IN103;50;39;JAVIER ARTURO ROZAS HUACHO
25;IF450AIN;INGENIERIA INFORMATICA;ABSTRACCION DE DATOS Y OBJETOS;4;T;A;1;0;VIERNES;9;10;IN103;50;39;JAVIER ARTURO ROZAS HUACHO
26;IF450AIN;INGENIERIA INFORMATICA;ABSTRACCION DE DATOS Y OBJETOS;4;P;A;0;2;JUEVES;9;11;IN103;50;39;JAVIER ARTURO ROZAS HUACHO
27;IF450BIN;INGENIERIA INFORMATICA;ABSTRACCION DE DATOS Y OBJETOS;4;T;B;2;0;LUNES;16;18;LAB305;24;16;NILA ZONIA ACURIO USCA
28;IF450BIN;INGENIERIA INFORMATICA;ABSTRACCION DE DATOS Y OBJETOS;4;T;B;1;0;VIERNES;17;18;LAB305;24;16;NILA ZONIA ACURIO USCA
29;IF450BIN;INGENIERIA INFORMATICA;ABSTRACCION DE DATOS Y OBJETOS;4;P;A;0;2;MIÉRCOLES;16;18;LAB305;24;16;NILA ZONIA ACURIO USCA
30;IF451AIN;INGENIERIA INFORMATICA;PROGRAMACION I;2;P;A;0;2;LUNES;9;11;LAB311;24;21;EFRAINA GLADYS CUTIPA ARAPA
31;IF451AIN;INGENIERIA INFORMATICA;PROGRAMACION I;2;P;A;0;2;MIÉRCOLES;9;11;LAB311;24;21;EFRAINA GLADYS CUTIPA ARAPA
32;IF451BIN;INGENIERIA INFORMATICA;PROGRAMACION I;2;P;B;0;2;LUNES;9;11;LAB312;24;24;LUIS ALVARO MONZON CONDORI
33;IF451BIN;INGENIERIA INFORMATICA;PROGRAMACION I;2;P;B;0;2;MIÉRCOLES;9;11;LAB312;24;24;LUIS ALVARO MONZON CONDORI
34;IF451CIN;INGENIERIA INFORMATICA;PROGRAMACION I;2;P;C;0;2;MARTES;16;18;;24;1;CURSO DESACTIVADO
35;IF451CIN;INGENIERIA INFORMATICA;PROGRAMACION I;2;P;C;0;2;JUEVES;16;18;;24;1;CURSO DESACTIVADO
36;IF452AIN;INGENIERIA INFORMATICA;ALGORITMOS Y ESTRUCTURAS DE DATOS;4;T;A;2;0;LUNES;9;11;IN107;50;40;ROBERT WILBERT ALZAMORA PAREDES
37;IF452AIN;INGENIERIA INFORMATICA;ALGORITMOS Y ESTRUCTURAS DE DATOS;4;T;A;1;0;VIERNES;10;11;IN107;50;40;ROBERT WILBERT ALZAMORA PAREDES
38;IF452AIN;INGENIERIA INFORMATICA;ALGORITMOS Y ESTRUCTURAS DE DATOS;4;P;A;0;2;MIÉRCOLES;9;11;IN107;50;40;ROBERT WILBERT ALZAMORA PAREDES
39;IF452BIN;INGENIERIA INFORMATICA;ALGORITMOS Y ESTRUCTURAS DE DATOS;4;T;B;2;0;LUNES;16;18;IN107;50;20;KARELIA MEDINA MIRANDA
40;IF452BIN;INGENIERIA INFORMATICA;ALGORITMOS Y ESTRUCTURAS DE DATOS;4;T;B;1;0;VIERNES;16;17;IN107;50;20;KARELIA MEDINA MIRANDA
41;IF452BIN;INGENIERIA INFORMATICA;ALGORITMOS Y ESTRUCTURAS DE DATOS;4;P;A;0;2;MIÉRCOLES;16;18;IN107;50;20;KARELIA MEDINA MIRANDA
42;IF453AIN;INGENIERIA INFORMATICA;PROGRAMACION II;2;P;A;0;2;MARTES;9;11;LAB311;24;24;HECTOR EDUARDO UGARTE ROJAS
43;IF453AIN;INGENIERIA INFORMATICA;PROGRAMACION II;2;P;A;0;2;JUEVES;9;11;LAB311;24;24;HECTOR EDUARDO UGARTE ROJAS
44;IF453BIN;INGENIERIA INFORMATICA;PROGRAMACION II;2;P;B;0;2;MARTES;9;11;LAB312;24;19;BORIS CHULLO LLAVE
45;IF453BIN;INGENIERIA INFORMATICA;PROGRAMACION II;2;P;B;0;2;JUEVES;9;11;LAB312;24;19;BORIS CHULLO LLAVE
46;IF453CIN;INGENIERIA INFORMATICA;PROGRAMACION II;2;P;C;0;2;MARTES;16;18;LAB312;24;19;CARLOS FERNANDO MONTOYA CUBAS
47;IF453CIN;INGENIERIA INFORMATICA;PROGRAMACION II;2;P;C;0;2;JUEVES;16;18;LAB312;24;19;CARLOS FERNANDO MONTOYA CUBAS
48;IF454AIN;INGENIERIA INFORMATICA;TEORIA DE LA COMPUTACION;3;T;A;2;0;LUNES;7;9;IN108;50;44;HECTOR EDUARDO UGARTE ROJAS
49;IF454AIN;INGENIERIA INFORMATICA;TEORIA DE LA COMPUTACION;3;P;A;0;2;MIÉRCOLES;7;9;IN108;50;44;HECTOR EDUARDO UGARTE ROJAS
50;IF455AIN;INGENIERIA INFORMATICA;ALGORITMOS PARALELOS Y DISTRIBUIDOS;4;T;A;2;0;LUNES;9;11;IN201;50;30;BORIS CHULLO LLAVE
51;IF455AIN;INGENIERIA INFORMATICA;ALGORITMOS PARALELOS Y DISTRIBUIDOS;4;T;A;1;0;VIERNES;10;11;IN201;50;30;BORIS CHULLO LLAVE
52;IF455AIN;INGENIERIA INFORMATICA;ALGORITMOS PARALELOS Y DISTRIBUIDOS;4;P;A;0;2;MIÉRCOLES;9;11;LAB303;24;30;BORIS CHULLO LLAVE
53;IF455AIN;INGENIERIA INFORMATICA;ALGORITMOS PARALELOS Y DISTRIBUIDOS;4;P;B;0;2;MIÉRCOLES;9;11;;;0;CURSO DESACTIVADO
54;IF455BIN;INGENIERIA INFORMATICA;ALGORITMOS PARALELOS Y DISTRIBUIDOS;4;T;B;2;0;LUNES;14;16;IN201;50;15;JULIO VLADIMIR QUISPE SOTA
55;IF455BIN;INGENIERIA INFORMATICA;ALGORITMOS PARALELOS Y DISTRIBUIDOS;4;T;B;1;0;VIERNES;15;16;IN201;50;15;JULIO VLADIMIR QUISPE SOTA
56;IF455BIN;INGENIERIA INFORMATICA;ALGORITMOS PARALELOS Y DISTRIBUIDOS;4;P;A;0;2;MIÉRCOLES;14;16;LAB301;24;15;JULIO VLADIMIR QUISPE SOTA
57;IF456AIN;INGENIERIA INFORMATICA;ALGORITMOS AVANZADOS;4;T;A;2;0;MIÉRCOLES;11;13;IN202;50;39;GERAR FRANCIS QUISPE TORRES
58;IF456AIN;INGENIERIA INFORMATICA;ALGORITMOS AVANZADOS;4;T;A;1;0;VIERNES;11;12;IN202;50;39;GERAR FRANCIS QUISPE TORRES
59;IF456AIN;INGENIERIA INFORMATICA;ALGORITMOS AVANZADOS;4;P;A;0;2;LUNES;11;13;LAB305;24;39;GERAR FRANCIS QUISPE TORRES
60;IF456BIN;INGENIERIA INFORMATICA;ALGORITMOS AVANZADOS;4;T;B;2;0;MIÉRCOLES;18;20;IN202;50;8;LAURO ENCISO RODAS
61;IF456BIN;INGENIERIA INFORMATICA;ALGORITMOS AVANZADOS;4;T;B;1;0;VIERNES;18;19;IN202;50;8;LAURO ENCISO RODAS
62;IF456BIN;INGENIERIA INFORMATICA;ALGORITMOS AVANZADOS;4;P;A;0;2;LUNES;18;20;LAB301;24;8;LAURO ENCISO RODAS
63;IF457AIN;INGENIERIA INFORMATICA;METODOS NUMERICOS;3;T;A;2;0;MARTES;18;20;IN201;50;21;ENRIQUE GAMARRA SALDIVAR
64;IF457AIN;INGENIERIA INFORMATICA;METODOS NUMERICOS;3;P;A;0;2;JUEVES;18;20;LAB301;24;21;LINO AQUILES BACA CARDENAS
65;IF457AIN;INGENIERIA INFORMATICA;METODOS NUMERICOS;3;P;B;0;2;JUEVES;18;20;;24;0;GRUPO DESACTIVADO
66;IF458AIN;INGENIERIA INFORMATICA;COMPUTACION GRAFICA I;4;T;A;2;0;LUNES;11;13;IN201;50;36;JOSE MAURO PILLCO QUISPE
67;IF458AIN;INGENIERIA INFORMATICA;COMPUTACION GRAFICA I;4;T;A;1;0;VIERNES;11;12;IN201;50;36;JOSE MAURO PILLCO QUISPE
68;IF458AIN;INGENIERIA INFORMATICA;COMPUTACION GRAFICA I;4;P;A;0;2;MIÉRCOLES;11;13;LAB301;24;36;JOSE MAURO PILLCO QUISPE
69;IF458AIN;INGENIERIA INFORMATICA;COMPUTACION GRAFICA I;4;P;B;0;2;MIÉRCOLES;11;13;LAB302;24;0;GRUPO DESACTIVADO
70;IF459AIN;INGENIERIA INFORMATICA;COMPUTACION GRAFICA II;4;T;A;2;0;JUEVES;7;9;IN206;50;23;VITALI QUISPE SURCO
71;IF459AIN;INGENIERIA INFORMATICA;COMPUTACION GRAFICA II;4;T;A;1;0;VIERNES;8;9;IN206;50;23;VITALI QUISPE SURCO
72;IF459AIN;INGENIERIA INFORMATICA;COMPUTACION GRAFICA II;4;P;A;0;2;MARTES;7;9;LAB302;24;23;VITALI QUISPE SURCO
73;IF459BIN;INGENIERIA INFORMATICA;COMPUTACION GRAFICA II;4;T;B;2;0;JUEVES;14;16;IN206;50;40;RONY VILLAFUERTE SERNA
74;IF459BIN;INGENIERIA INFORMATICA;COMPUTACION GRAFICA II;4;T;B;1;0;VIERNES;15;16;IN206;50;40;RONY VILLAFUERTE SERNA
75;IF459BIN;INGENIERIA INFORMATICA;COMPUTACION GRAFICA II;4;P;A;0;2;MARTES;14;16;LAB303;24;20;RONY VILLAFUERTE SERNA
76;IF459BIN;INGENIERIA INFORMATICA;COMPUTACION GRAFICA II;4;P;B;0;2;MARTES;14;16;LAB304;24;20;DORIS SABINA AGUIRRE CARBAJAL
77;IF466AIN;INGENIERIA INFORMATICA;COMPILADORES;3;T;A;2;0;MARTES;18;20;IN202;50;30;CARLOS FERNANDO MONTOYA CUBAS
78;IF466AIN;INGENIERIA INFORMATICA;COMPILADORES;3;P;A;0;2;JUEVES;18;20;IN202;50;30;VITALI QUISPE SURCO
79;IF467AEI;INGENIERIA ELECTRICA;PROGRAMACION DIGITAL;4;T;A;2;0;MARTES;18;20;IE-101;;43;GUZMAN TICONA PARI
80;IF467AEI;INGENIERIA ELECTRICA;PROGRAMACION DIGITAL;4;T;A;1;0;VIERNES;19;20;IE-101;;43;GUZMAN TICONA PARI
81;IF467AEI;INGENIERIA ELECTRICA;PROGRAMACION DIGITAL;4;P;A;0;2;JUEVES;18;20;LAB305;24;22;GUZMAN TICONA PARI
82;IF467AEI;INGENIERIA ELECTRICA;PROGRAMACION DIGITAL;4;P;B;0;2;JUEVES;18;20;LAB306;24;21;MARCIO FERNANDO MERMA QUISPE
83;IF467AIN;INGENIERIA INFORMATICA;ANALISIS Y DISEÑO DE ALGORITMOS;3;T;A;2;0;JUEVES;7;9;IN202;50;18;RAUL HUILLCA HUALLPARIMACHI
84;IF467AIN;INGENIERIA INFORMATICA;ANALISIS Y DISEÑO DE ALGORITMOS;3;P;A;0;2;MARTES;7;9;LAB301;24;18;RAUL HUILLCA HUALLPARIMACHI
85;IF467BIN;INGENIERIA INFORMATICA;ANALISIS Y DISEÑO DE ALGORITMOS;3;T;B;2;0;JUEVES;14;16;IN202;50;20;BORIS CHULLO LLAVE
86;IF467BIN;INGENIERIA INFORMATICA;ANALISIS Y DISEÑO DE ALGORITMOS;3;P;A;0;2;MARTES;14;16;LAB301;24;20;BORIS CHULLO LLAVE
87;IF468AIN;INGENIERIA INFORMATICA;FUNDAMENTOS DE LA PROGRAMACION;4;T;A;2;0;LUNES;9;11;IN102;50;35;NILA ZONIA ACURIO USCA
88;IF468AIN;INGENIERIA INFORMATICA;FUNDAMENTOS DE LA PROGRAMACION;4;T;A;1;0;VIERNES;9;10;IN102;50;35;NILA ZONIA ACURIO USCA
89;IF468AIN;INGENIERIA INFORMATICA;FUNDAMENTOS DE LA PROGRAMACION;4;P;A;0;2;MIÉRCOLES;9;11;LAB301;24;35;NILA ZONIA ACURIO USCA
90;IF468AIN;INGENIERIA INFORMATICA;FUNDAMENTOS DE LA PROGRAMACION;4;P;B;0;2;MIÉRCOLES;9;11;LAB302;24;0;CURSO DESACTIVADO
91;IF468BIN;INGENIERIA INFORMATICA;FUNDAMENTOS DE LA PROGRAMACION;4;T;B;2;0;LUNES;18;20;IN102;50;19;WALDO ELIO IBARRA ZAMBRANO
92;IF468BIN;INGENIERIA INFORMATICA;FUNDAMENTOS DE LA PROGRAMACION;4;T;B;1;0;VIERNES;18;19;IN102;50;19;WALDO ELIO IBARRA ZAMBRANO
93;IF468BIN;INGENIERIA INFORMATICA;FUNDAMENTOS DE LA PROGRAMACION;4;P;A;0;2;MIÉRCOLES;18;20;LAB301;24;19;WALDO ELIO IBARRA ZAMBRANO
94;IF470AME;MATEMATICA;LENGUAJE DE PROGRAMACION;4;T;A;2;0;MARTES;7;9;C-121;;27;ESTHER CRISTINA PACHECO VASQUEZ
95;IF470AME;MATEMATICA;LENGUAJE DE PROGRAMACION;4;T;A;1;0;VIERNES;12;13;C-121;;27;ESTHER CRISTINA PACHECO VASQUEZ
96;IF470AME;MATEMATICA;LENGUAJE DE PROGRAMACION;4;P;A;0;2;JUEVES;7;9;LAB309;;27;LUZ INDIRA TICONA FELIX
97;IF471AME;MATEMATICA;METODOS NUMERICOS;3;T;A;2;0;MARTES;11;13;LAB-1;;6;MARITZA KATHERINE IRPANOCA CUSIMAYTA
98;IF471AME;MATEMATICA;METODOS NUMERICOS;3;P;A;0;2;JUEVES;11;13;LAB-1;;6;EDELMIRA DAVILA ANDRADE
99;IF480AIN;INGENIERIA INFORMATICA;ADMINISTRACION DE TECNOLOGÍAS DE LA INFORMACIÓN;3;T;A;2;0;LUNES;11;13;IN107;50;40;DENNIS IVAN CANDIA OVIEDO
100;IF480AIN;INGENIERIA INFORMATICA;ADMINISTRACION DE TECNOLOGÍAS DE LA INFORMACIÓN;3;P;A;0;2;MIÉRCOLES;11;13;IN107;50;40;DENNIS IVAN CANDIA OVIEDO
101;IF480BIN;INGENIERIA INFORMATICA;ADMINISTRACION DE TECNOLOGÍAS DE LA INFORMACIÓN;3;T;B;2;0;LUNES;18;20;IN107;50;9;DARIO FRANCISCO DUEÑAS BUSTINZA
102;IF480BIN;INGENIERIA INFORMATICA;ADMINISTRACION DE TECNOLOGÍAS DE LA INFORMACIÓN;3;P;A;0;2;MIÉRCOLES;18;20;IN107;50;9;DARIO FRANCISCO DUEÑAS BUSTINZA
103;IF481AIN;INGENIERIA INFORMATICA;INGENIERIA ECONOMICA;3;T;A;2;0;MIÉRCOLES;11;13;IN108;50;40;VANESSA MARIBEL CHOQUE SOTO
104;IF481AIN;INGENIERIA INFORMATICA;INGENIERIA ECONOMICA;3;P;A;0;2;LUNES;11;13;LAB311;24;20;VANESSA MARIBEL CHOQUE SOTO
105;IF481AIN;INGENIERIA INFORMATICA;INGENIERIA ECONOMICA;3;P;B;0;2;LUNES;11;13;LAB312;24;20;DARIO FRANCISCO DUEÑAS BUSTINZA
106;IF482AIN;INGENIERIA INFORMATICA;PLANEAMIENTO Y DIRECCION ESTRATEGICA DE TECNOLOGIA DE INFORMACION;3;T;A;2;0;VIERNES;11;13;IN203;50;29;VANESSA MARIBEL CHOQUE SOTO
107;IF482AIN;INGENIERIA INFORMATICA;PLANEAMIENTO Y DIRECCION ESTRATEGICA DE TECNOLOGIA DE INFORMACION;3;P;A;0;2;SÁBADO;7;9;IN203;50;29;VANESSA MARIBEL CHOQUE SOTO
108;IF482BIN;INGENIERIA INFORMATICA;PLANEAMIENTO Y DIRECCION ESTRATEGICA DE TECNOLOGIA DE INFORMACION;3;T;B;2;0;MARTES;18;20;IN203;50;14;MANUEL AURELIO PEÑALOZA FIGUEROA
109;IF482BIN;INGENIERIA INFORMATICA;PLANEAMIENTO Y DIRECCION ESTRATEGICA DE TECNOLOGIA DE INFORMACION;3;P;A;0;2;JUEVES;18;20;IN203;50;14;MANUEL AURELIO PEÑALOZA FIGUEROA
110;IF483AIN;INGENIERIA INFORMATICA;FORMULACION DE PROYECTOS DE TECNOLOGIAS DE LA INFORMACION;3;T;A;2;0;LUNES;7;9;IN206;50;45;EMILIO PALOMINO OLIVERA
111;IF483AIN;INGENIERIA INFORMATICA;FORMULACION DE PROYECTOS DE TECNOLOGIAS DE LA INFORMACION;3;P;A;0;2;MIÉRCOLES;7;9;IN206;50;45;EMILIO PALOMINO OLIVERA
112;IF483BIN;INGENIERIA INFORMATICA;FORMULACION DE PROYECTOS DE TECNOLOGIAS DE LA INFORMACION;3;T;B;2;0;LUNES;14;16;IN206;50;37;STEPHAN JHOEL COSIO LOAIZA
113;IF483BIN;INGENIERIA INFORMATICA;FORMULACION DE PROYECTOS DE TECNOLOGIAS DE LA INFORMACION;3;P;A;0;2;MIÉRCOLES;14;16;IN206;50;37;STEPHAN JHOEL COSIO LOAIZA
114;IF484AIN;INGENIERIA INFORMATICA;EMPRENDIMIENTO E INNOVACION;3;T;A;2;0;LUNES;14;16;IN202;50;30;JAVIER DAVID CHAVEZ CENTENO
115;IF484AIN;INGENIERIA INFORMATICA;EMPRENDIMIENTO E INNOVACION;3;P;A;0;2;MIÉRCOLES;14;16;IN202;50;30;JAVIER DAVID CHAVEZ CENTENO
116;IF550AIN;INGENIERIA INFORMATICA;ORGANIZACION Y ARQUITECTURA DEL COMPUTADOR;4;T;A;2;0;LUNES;9;11;IN108;50;35;EDWIN CARRASCO POBLETE
117;IF550AIN;INGENIERIA INFORMATICA;ORGANIZACION Y ARQUITECTURA DEL COMPUTADOR;4;T;A;1;0;VIERNES;9;10;IN108;50;35;EDWIN CARRASCO POBLETE
118;IF550AIN;INGENIERIA INFORMATICA;ORGANIZACION Y ARQUITECTURA DEL COMPUTADOR;4;P;A;0;2;MIÉRCOLES;9;11;LAB309;20;20;EDWIN CARRASCO POBLETE
119;IF550AIN;INGENIERIA INFORMATICA;ORGANIZACION Y ARQUITECTURA DEL COMPUTADOR;4;P;B;0;2;MIÉRCOLES;9;11;LAB310;24;15;VANESA LAVILLA ALVAREZ
120;IF551AIN;INGENIERIA INFORMATICA;SISTEMAS OPERATIVOS;4;T;A;2;0;LUNES;7;9;IN201;50;9;EDWIN CARRASCO POBLETE
121;IF551AIN;INGENIERIA INFORMATICA;SISTEMAS OPERATIVOS;4;T;A;1;0;VIERNES;8;9;IN201;50;9;EDWIN CARRASCO POBLETE
122;IF551AIN;INGENIERIA INFORMATICA;SISTEMAS OPERATIVOS;4;P;A;0;2;MIÉRCOLES;7;9;LAB301;24;9;EDWIN CARRASCO POBLETE
123;IF551BIN;INGENIERIA INFORMATICA;SISTEMAS OPERATIVOS;4;T;B;2;0;LUNES;16;18;IN201;50;24;MANUEL AURELIO PEÑALOZA FIGUEROA
124;IF551BIN;INGENIERIA INFORMATICA;SISTEMAS OPERATIVOS;4;T;B;1;0;VIERNES;16;17;IN201;50;24;MANUEL AURELIO PEÑALOZA FIGUEROA
125;IF551BIN;INGENIERIA INFORMATICA;SISTEMAS OPERATIVOS;4;P;A;0;2;MIÉRCOLES;16;18;LAB301;24;24;MANUEL AURELIO PEÑALOZA FIGUEROA
126;IF552AIN;INGENIERIA INFORMATICA;REDES DE COMPUTADORAS I;4;T;A;2;0;JUEVES;9;11;IN202;50;16;EFRAINA GLADYS CUTIPA ARAPA
127;IF552AIN;INGENIERIA INFORMATICA;REDES DE COMPUTADORAS I;4;T;A;1;0;VIERNES;9;10;IN202;50;16;EFRAINA GLADYS CUTIPA ARAPA
128;IF552AIN;INGENIERIA INFORMATICA;REDES DE COMPUTADORAS I;4;P;A;0;2;MARTES;9;11;LAB309;20;16;EFRAINA GLADYS CUTIPA ARAPA
129;IF552BIN;INGENIERIA INFORMATICA;REDES DE COMPUTADORAS I;4;T;B;2;0;JUEVES;16;18;IN202;50;41;RONY VILLAFUERTE SERNA
130;IF552BIN;INGENIERIA INFORMATICA;REDES DE COMPUTADORAS I;4;T;B;1;0;VIERNES;16;17;IN202;50;41;RONY VILLAFUERTE SERNA
131;IF552BIN;INGENIERIA INFORMATICA;REDES DE COMPUTADORAS I;4;P;A;0;2;MARTES;16;18;LAB309;20;41;RONY VILLAFUERTE SERNA
132;IF552BIN;INGENIERIA INFORMATICA;REDES DE COMPUTADORAS I;4;P;B;0;2;MARTES;16;18;LAB310;24;0;GRUPO DESACTIVADO
133;IF553AIN;INGENIERIA INFORMATICA;LENGUAJE ENSAMBLADOR;3;T;A;2;0;MIÉRCOLES;11;13;IN201;50;39;EMILIO PALOMINO OLIVERA
134;IF553AIN;INGENIERIA INFORMATICA;LENGUAJE ENSAMBLADOR;3;P;A;0;2;LUNES;11;13;LAB303;24;20;EMILIO PALOMINO OLIVERA
135;IF553AIN;INGENIERIA INFORMATICA;LENGUAJE ENSAMBLADOR;3;P;B;0;2;LUNES;11;13;LAB304;24;19;VANESA LAVILLA ALVAREZ
136;IF556AIN;INGENIERIA INFORMATICA;SISTEMAS EMBEBIDOS;4;T;A;2;0;MARTES;9;11;IN107;50;52;TANY VILLALBA VILLALBA
137;IF556AIN;INGENIERIA INFORMATICA;SISTEMAS EMBEBIDOS;4;T;A;1;0;VIERNES;9;10;IN107;50;52;TANY VILLALBA VILLALBA
138;IF556AIN;INGENIERIA INFORMATICA;SISTEMAS EMBEBIDOS;4;P;A;0;2;JUEVES;9;11;LAB309;20;26;TANY VILLALBA VILLALBA
139;IF556AIN;INGENIERIA INFORMATICA;SISTEMAS EMBEBIDOS;4;P;B;0;2;JUEVES;9;11;LAB310;24;26;EDELMIRA DAVILA ANDRADE
140;IF610AIN;INGENIERIA INFORMATICA;ANALISIS Y DISEÑO DE SISTEMAS DE INFORMACION;4;T;A;2;0;MARTES;7;9;IN108;50;40;DENNIS IVAN CANDIA OVIEDO
141;IF610AIN;INGENIERIA INFORMATICA;ANALISIS Y DISEÑO DE SISTEMAS DE INFORMACION;4;T;A;1;0;VIERNES;8;9;IN108;50;40;DENNIS IVAN CANDIA OVIEDO
142;IF610AIN;INGENIERIA INFORMATICA;ANALISIS Y DISEÑO DE SISTEMAS DE INFORMACION;4;P;A;0;2;JUEVES;7;9;LAB311;24;40;DENNIS IVAN CANDIA OVIEDO
143;IF610AIN;INGENIERIA INFORMATICA;ANALISIS Y DISEÑO DE SISTEMAS DE INFORMACION;4;P;B;0;2;JUEVES;7;9;LAB302;24;0;CURSO DESACTIVADO
144;IF611AIN;INGENIERIA INFORMATICA;METODOLOGIA DE DESARROLLO DE SOFTWARE;3;T;A;2;0;MARTES;7;9;IN201;50;24;HECTOR EDUARDO UGARTE ROJAS
145;IF611AIN;INGENIERIA INFORMATICA;METODOLOGIA DE DESARROLLO DE SOFTWARE;3;P;A;0;2;JUEVES;7;9;LAB301;24;24;HECTOR EDUARDO UGARTE ROJAS
146;IF611AIN;INGENIERIA INFORMATICA;METODOLOGIA DE DESARROLLO DE SOFTWARE;3;P;B;0;2;JUEVES;7;9;;24;0;GRUPO DESACTIVADO
147;IF611BIN;INGENIERIA INFORMATICA;METODOLOGIA DE DESARROLLO DE SOFTWARE;3;T;B;2;0;MARTES;14;16;IN201;50;18;JISBAJ GAMARRAS SALAS
148;IF611BIN;INGENIERIA INFORMATICA;METODOLOGIA DE DESARROLLO DE SOFTWARE;3;P;A;0;2;JUEVES;14;16;LAB306;24;18;JISBAJ GAMARRAS SALAS
149;IF612AIN;INGENIERIA INFORMATICA;FUNDAMENTOS Y DISEÑO DE BASE DE DATOS;4;T;A;2;0;MARTES;9;11;IN201;50;35;GUZMAN TICONA PARI
150;IF612AIN;INGENIERIA INFORMATICA;FUNDAMENTOS Y DISEÑO DE BASE DE DATOS;4;T;A;1;0;VIERNES;9;10;IN201;50;35;GUZMAN TICONA PARI
151;IF612AIN;INGENIERIA INFORMATICA;FUNDAMENTOS Y DISEÑO DE BASE DE DATOS;4;P;A;0;2;JUEVES;9;11;LAB301;24;18;GUZMAN TICONA PARI
152;IF612AIN;INGENIERIA INFORMATICA;FUNDAMENTOS Y DISEÑO DE BASE DE DATOS;4;P;B;0;2;JUEVES;9;11;LAB302;24;17;VICTOR DARIO SOSA JAUREGUI
153;IF612BIN;INGENIERIA INFORMATICA;FUNDAMENTOS Y DISEÑO DE BASE DE DATOS;4;T;B;2;0;MARTES;16;18;IN201;50;20;KARELIA MEDINA MIRANDA
154;IF612BIN;INGENIERIA INFORMATICA;FUNDAMENTOS Y DISEÑO DE BASE DE DATOS;4;T;B;1;0;VIERNES;17;18;IN201;50;20;KARELIA MEDINA MIRANDA
155;IF612BIN;INGENIERIA INFORMATICA;FUNDAMENTOS Y DISEÑO DE BASE DE DATOS;4;P;A;0;2;JUEVES;16;18;LAB305;24;20;KARELIA MEDINA MIRANDA
156;IF613AIN;INGENIERIA INFORMATICA;DESARROLLO DE SOFTWARE I;2;P;A;0;2;LUNES;7;9;LAB303;24;24;LISETH URPY SEGUNDO CARPIO
157;IF613AIN;INGENIERIA INFORMATICA;DESARROLLO DE SOFTWARE I;2;P;A;0;2;MIÉRCOLES;7;9;LAB303;24;24;LISETH URPY SEGUNDO CARPIO
158;IF613BIN;INGENIERIA INFORMATICA;DESARROLLO DE SOFTWARE I;2;P;B;0;2;LUNES;7;9;LAB304;24;12;LUIS ALVARO MONZON CONDORI
159;IF613BIN;INGENIERIA INFORMATICA;DESARROLLO DE SOFTWARE I;2;P;B;0;2;MIÉRCOLES;7;9;LAB304;24;12;LUIS ALVARO MONZON CONDORI
160;IF613CIN;INGENIERIA INFORMATICA;DESARROLLO DE SOFTWARE I;2;P;C;0;2;LUNES;14;16;LAB302;24;23;LUIS ALVARO MONZON CONDORI
161;IF613CIN;INGENIERIA INFORMATICA;DESARROLLO DE SOFTWARE I;2;P;C;0;2;MIÉRCOLES;14;16;LAB302;24;23;LUIS ALVARO MONZON CONDORI
162;IF614AIN;INGENIERIA INFORMATICA;INGENIERIA DE SOFTWARE I;4;T;A;2;0;MARTES;7;9;IN203;50;31;MARIA DEL PILAR VENEGAS VERGARA
163;IF614AIN;INGENIERIA INFORMATICA;INGENIERIA DE SOFTWARE I;4;T;A;1;0;VIERNES;8;9;IN203;50;31;MARIA DEL PILAR VENEGAS VERGARA
164;IF614AIN;INGENIERIA INFORMATICA;INGENIERIA DE SOFTWARE I;4;P;A;0;2;JUEVES;7;9;LAB305;24;16;MARIA DEL PILAR VENEGAS VERGARA
165;IF614AIN;INGENIERIA INFORMATICA;INGENIERIA DE SOFTWARE I;4;P;B;0;2;JUEVES;7;9;LAB306;24;15;GERAR FRANCIS QUISPE TORRES
166;IF614BIN;INGENIERIA INFORMATICA;INGENIERIA DE SOFTWARE I;4;T;B;2;0;LUNES;16;18;IN203;50;29;HENRY SAMUEL DUEÑAS DE LA CRUZ
167;IF614BIN;INGENIERIA INFORMATICA;INGENIERIA DE SOFTWARE I;4;T;B;1;0;VIERNES;16;17;IN203;50;29;HENRY SAMUEL DUEÑAS DE LA CRUZ
168;IF614BIN;INGENIERIA INFORMATICA;INGENIERIA DE SOFTWARE I;4;P;A;0;2;MIÉRCOLES;16;18;LAB302;24;29;HENRY SAMUEL DUEÑAS DE LA CRUZ
169;IF614BIN;INGENIERIA INFORMATICA;INGENIERIA DE SOFTWARE I;4;P;B;0;2;MIÉRCOLES;16;18;LAB303;24;0;GRUPO DESACTIVADO
170;IF616AIN;INGENIERIA INFORMATICA;DESARROLLO DE SOFTWARE II;2;P;A;0;2;MARTES;9;11;LAB305;24;21;WILLIAN ZAMALLOA PARO
171;IF616AIN;INGENIERIA INFORMATICA;DESARROLLO DE SOFTWARE II;2;P;A;0;2;JUEVES;9;11;LAB305;24;21;WILLIAN ZAMALLOA PARO
172;IF617AIN;INGENIERIA INFORMATICA;INGENIERIA DE SOFTWARE II;4;T;A;2;0;MIÉRCOLES;9;11;IN103;50;44;WILLIAN ZAMALLOA PARO
173;IF617AIN;INGENIERIA INFORMATICA;INGENIERIA DE SOFTWARE II;4;T;A;1;0;VIERNES;10;11;IN103;50;44;WILLIAN ZAMALLOA PARO
174;IF617AIN;INGENIERIA INFORMATICA;INGENIERIA DE SOFTWARE II;4;P;A;0;2;LUNES;9;11;LAB303;24;22;WILLIAN ZAMALLOA PARO
175;IF617AIN;INGENIERIA INFORMATICA;INGENIERIA DE SOFTWARE II;4;P;B;0;2;LUNES;9;11;LAB304;24;22;VICTOR DARIO SOSA JAUREGUI
176;IF618AIN;INGENIERIA INFORMATICA;TOPICOS AVANZADOS EN INGENIERIA DE SOFTWARE;4;T;A;2;0;LUNES;11;13;IN101;50;17;VITALI QUISPE SURCO
177;IF618AIN;INGENIERIA INFORMATICA;TOPICOS AVANZADOS EN INGENIERIA DE SOFTWARE;4;T;A;1;0;VIERNES;11;12;IN101;50;17;VITALI QUISPE SURCO
178;IF618AIN;INGENIERIA INFORMATICA;TOPICOS AVANZADOS EN INGENIERIA DE SOFTWARE;4;P;A;0;2;MIÉRCOLES;11;13;LAB208;21;17;VITALI QUISPE SURCO
179;IF619AIN;INGENIERIA INFORMATICA;ANÁLISIS DE DATOS EMPRESARIALES;3;T;A;2;0;MARTES;7;9;IN202;50;49;LISETH URPY SEGUNDO CARPIO
180;IF619AIN;INGENIERIA INFORMATICA;ANÁLISIS DE DATOS EMPRESARIALES;3;P;A;0;2;JUEVES;7;9;LAB303;24;49;LISETH URPY SEGUNDO CARPIO
181;IF619BIN;INGENIERIA INFORMATICA;ANÁLISIS DE DATOS EMPRESARIALES;3;T;B;2;0;MARTES;14;16;IN202;50;48;VICTOR DARIO SOSA JAUREGUI
182;IF619BIN;INGENIERIA INFORMATICA;ANÁLISIS DE DATOS EMPRESARIALES;3;P;A;0;2;JUEVES;14;16;LAB303;24;24;VICTOR DARIO SOSA JAUREGUI
183;IF619BIN;INGENIERIA INFORMATICA;ANÁLISIS DE DATOS EMPRESARIALES;3;P;B;0;2;JUEVES;14;16;LAB305;24;24;RAY DUEÑAS JIMENEZ
184;IF650AIN;INGENIERIA INFORMATICA;MODELOS PROBABILISTICOS;4;T;A;2;0;MARTES;9;11;IN108;50;31;LAURO ENCISO RODAS
185;IF650AIN;INGENIERIA INFORMATICA;MODELOS PROBABILISTICOS;4;T;A;1;0;VIERNES;10;11;IN108;50;31;LAURO ENCISO RODAS
186;IF650AIN;INGENIERIA INFORMATICA;MODELOS PROBABILISTICOS;4;P;A;0;2;JUEVES;9;11;IN108;50;31;LAURO ENCISO RODAS
187;IF650BIN;INGENIERIA INFORMATICA;MODELOS PROBABILISTICOS;4;T;B;2;0;MARTES;14;16;IN108;50;27;CARLOS FERNANDO MONTOYA CUBAS
188;IF650BIN;INGENIERIA INFORMATICA;MODELOS PROBABILISTICOS;4;T;B;1;0;VIERNES;15;16;IN108;50;27;CARLOS FERNANDO MONTOYA CUBAS
189;IF650BIN;INGENIERIA INFORMATICA;MODELOS PROBABILISTICOS;4;P;A;0;2;JUEVES;14;16;IN108;50;27;CARLOS FERNANDO MONTOYA CUBAS
190;IF651AIN;INGENIERIA INFORMATICA;INTELIGENCIA ARTIFICIAL;4;T;A;2;0;MIÉRCOLES;9;11;IN202;50;35;JAVIER ARTURO ROZAS HUACHO
191;IF651AIN;INGENIERIA INFORMATICA;INTELIGENCIA ARTIFICIAL;4;T;A;1;0;VIERNES;10;11;IN202;50;35;JAVIER ARTURO ROZAS HUACHO
192;IF651AIN;INGENIERIA INFORMATICA;INTELIGENCIA ARTIFICIAL;4;P;A;0;2;LUNES;9;11;LAB301;24;18;JAVIER ARTURO ROZAS HUACHO
193;IF651AIN;INGENIERIA INFORMATICA;INTELIGENCIA ARTIFICIAL;4;P;B;0;2;LUNES;9;11;LAB302;24;17;GABRIELA ZÚÑIGA ROJAS
194;IF651BIN;INGENIERIA INFORMATICA;INTELIGENCIA ARTIFICIAL;4;T;B;2;0;MIÉRCOLES;16;18;IN202;50;27;CARLOS FERNANDO MONTOYA CUBAS
195;IF651BIN;INGENIERIA INFORMATICA;INTELIGENCIA ARTIFICIAL;4;T;B;1;0;VIERNES;17;18;IN202;50;27;CARLOS FERNANDO MONTOYA CUBAS
196;IF651BIN;INGENIERIA INFORMATICA;INTELIGENCIA ARTIFICIAL;4;P;A;0;2;LUNES;16;18;LAB301;24;27;CARLOS FERNANDO MONTOYA CUBAS
197;IF652AIN;INGENIERIA INFORMATICA;APRENDIZAJE AUTOMATICO;4;T;A;2;0;LUNES;9;11;IN203;50;28;LINO PRISCILIANO FLORES PACHECO
198;IF652AIN;INGENIERIA INFORMATICA;APRENDIZAJE AUTOMATICO;4;T;A;1;0;VIERNES;10;11;IN203;50;28;LINO PRISCILIANO FLORES PACHECO
199;IF652AIN;INGENIERIA INFORMATICA;APRENDIZAJE AUTOMATICO;4;P;A;0;2;MIÉRCOLES;9;11;LAB305;24;14;LINO PRISCILIANO FLORES PACHECO
200;IF652AIN;INGENIERIA INFORMATICA;APRENDIZAJE AUTOMATICO;4;P;B;0;2;MIÉRCOLES;9;11;LAB306;24;14;GABRIELA ZÚÑIGA ROJAS
201;IF652BIN;INGENIERIA INFORMATICA;APRENDIZAJE AUTOMATICO;4;T;B;2;0;MARTES;16;18;IN203;50;29;LINO PRISCILIANO FLORES PACHECO
202;IF652BIN;INGENIERIA INFORMATICA;APRENDIZAJE AUTOMATICO;4;T;B;1;0;VIERNES;17;18;IN203;50;29;LINO PRISCILIANO FLORES PACHECO
203;IF652BIN;INGENIERIA INFORMATICA;APRENDIZAJE AUTOMATICO;4;P;A;0;2;JUEVES;16;18;LAB302;24;29;LINO PRISCILIANO FLORES PACHECO
204;IF653AIN;INGENIERIA INFORMATICA;MINERIA DE DATOS;4;T;A;2;0;MARTES;7;9;IN206;50;23;JULIO CESAR CARBAJAL LUNA
205;IF653AIN;INGENIERIA INFORMATICA;MINERIA DE DATOS;4;T;A;1;0;VIERNES;7;8;IN206;50;23;JULIO CESAR CARBAJAL LUNA
206;IF653AIN;INGENIERIA INFORMATICA;MINERIA DE DATOS;4;P;A;0;2;JUEVES;7;9;LAB208;21;23;JULIO CESAR CARBAJAL LUNA
207;IF654AIN;INGENIERIA INFORMATICA;ROBOTICA;4;T;A;2;0;MIÉRCOLES;9;11;IN206;50;23;JOSE MAURO PILLCO QUISPE
208;IF654AIN;INGENIERIA INFORMATICA;ROBOTICA;4;T;A;1;0;VIERNES;10;11;IN206;50;23;JOSE MAURO PILLCO QUISPE
209;IF654AIN;INGENIERIA INFORMATICA;ROBOTICA;4;P;A;0;2;LUNES;9;11;LAB207;15;23;JOSE MAURO PILLCO QUISPE
210;IF656AIN;INGENIERIA INFORMATICA;PROCESAMIENTO DE LENGUAJE NATURAL;4;T;A;2;0;MIÉRCOLES;11;13;IN206;50;56;ROBERT WILBERT ALZAMORA PAREDES
211;IF656AIN;INGENIERIA INFORMATICA;PROCESAMIENTO DE LENGUAJE NATURAL;4;T;A;1;0;VIERNES;11;12;IN206;50;56;ROBERT WILBERT ALZAMORA PAREDES
212;IF656AIN;INGENIERIA INFORMATICA;PROCESAMIENTO DE LENGUAJE NATURAL;4;P;A;0;2;LUNES;11;13;LAB301;24;15;ROBERT WILBERT ALZAMORA PAREDES
213;IF656AIN;INGENIERIA INFORMATICA;PROCESAMIENTO DE LENGUAJE NATURAL;4;P;B;0;2;LUNES;11;13;LAB302;24;14;GABRIELA ZÚÑIGA ROJAS
214;IF656BIN;INGENIERIA INFORMATICA;PROCESAMIENTO DE LENGUAJE NATURAL;4;T;B;2;0;MIÉRCOLES;11;13;IN102;50;0;CURSO DESACTIVADO
215;IF656BIN;INGENIERIA INFORMATICA;PROCESAMIENTO DE LENGUAJE NATURAL;4;T;B;1;0;VIERNES;11;12;IN102;50;0;CURSO DESACTIVADO
216;IF656BIN;INGENIERIA INFORMATICA;PROCESAMIENTO DE LENGUAJE NATURAL;4;P;A;0;2;LUNES;11;13;LAB310;24;26;LUZ INDIRA TICONA FELIX
217;IF657AIN;INGENIERIA INFORMATICA;VISION COMPUTACIONAL;4;T;A;2;0;JUEVES;9;11;IN206;50;41;IVAN CESAR MEDRANO VALENCIA
218;IF657AIN;INGENIERIA INFORMATICA;VISION COMPUTACIONAL;4;T;A;1;0;VIERNES;9;10;IN206;50;41;IVAN CESAR MEDRANO VALENCIA
219;IF657AIN;INGENIERIA INFORMATICA;VISION COMPUTACIONAL;4;P;A;0;2;MARTES;9;11;LAB301;24;41;IVAN CESAR MEDRANO VALENCIA
220;IF657AIN;INGENIERIA INFORMATICA;VISION COMPUTACIONAL;4;P;B;0;2;MARTES;9;11;LAB302;24;0;CURSO DESACTIVADO
221;IF658AIN;INGENIERIA INFORMATICA;REDES NEURONALES ARTIFICIALES;4;T;A;2;0;MARTES;9;11;IN101;50;25;LUIS BELTRÁN PALMA TTITO
222;IF658AIN;INGENIERIA INFORMATICA;REDES NEURONALES ARTIFICIALES;4;T;A;1;0;VIERNES;9;10;IN101;50;25;LUIS BELTRÁN PALMA TTITO
223;IF658AIN;INGENIERIA INFORMATICA;REDES NEURONALES ARTIFICIALES;4;P;A;0;2;JUEVES;9;11;IN101;50;25;LUIS BELTRÁN PALMA TTITO
224;IF662AIN;INGENIERIA INFORMATICA;DEEP LEARNING;4;T;A;2;0;LUNES;9;11;IN101;50;31;IVAN CESAR MEDRANO VALENCIA
225;IF662AIN;INGENIERIA INFORMATICA;DEEP LEARNING;4;T;A;1;0;VIERNES;10;11;IN101;50;31;IVAN CESAR MEDRANO VALENCIA
226;IF662AIN;INGENIERIA INFORMATICA;DEEP LEARNING;4;P;A;0;2;MIÉRCOLES;9;11;LAB208;21;31;IVAN CESAR MEDRANO VALENCIA
227;IF664AIN;INGENIERIA INFORMATICA;BIOINFORMATICA;4;T;A;2;0;MARTES;9;11;IN202;50;13;JULIO CESAR CARBAJAL LUNA
228;IF664AIN;INGENIERIA INFORMATICA;BIOINFORMATICA;4;T;A;1;0;VIERNES;9;10;IN203;50;13;JULIO CESAR CARBAJAL LUNA
229;IF664AIN;INGENIERIA INFORMATICA;BIOINFORMATICA;4;P;A;0;2;JUEVES;9;11;LAB208;24;13;JULIO CESAR CARBAJAL LUNA
230;IF664AIN;INGENIERIA INFORMATICA;BIOINFORMATICA;4;P;B;0;2;JUEVES;9;11;;24;0;GRUPO DESACTIVADO
231;IF664BIN;INGENIERIA INFORMATICA;BIOINFORMATICA;4;T;B;2;0;MARTES;14;16;;50;4;CURSO DESACTIVADO
232;IF664BIN;INGENIERIA INFORMATICA;BIOINFORMATICA;4;T;B;1;0;VIERNES;15;16;;50;4;CURSO DESACTIVADO
233;IF664BIN;INGENIERIA INFORMATICA;BIOINFORMATICA;4;P;A;0;2;JUEVES;14;16;;24;4;CURSO DESACTIVADO
234;IF669AIN;INGENIERIA INFORMATICA;MODELADO Y SIMULACION;4;T;A;2;0;LUNES;7;9;IN203;50;18;LUIS BELTRÁN PALMA TTITO
235;IF669AIN;INGENIERIA INFORMATICA;MODELADO Y SIMULACION;4;T;A;1;0;VIERNES;7;8;IN203;50;18;LUIS BELTRÁN PALMA TTITO
236;IF669AIN;INGENIERIA INFORMATICA;MODELADO Y SIMULACION;4;P;A;0;2;MIÉRCOLES;7;9;LAB305;24;18;LUIS BELTRÁN PALMA TTITO
237;IF669AIN;INGENIERIA INFORMATICA;MODELADO Y SIMULACION;4;P;B;0;2;MIÉRCOLES;7;9;;24;0;GRUPO DESACTIVADO
238;IF669BIN;INGENIERIA INFORMATICA;MODELADO Y SIMULACION;4;T;B;2;0;LUNES;14;16;IN203;50;22;CARLOS RAMON QUISPE ONOFRE
239;IF669BIN;INGENIERIA INFORMATICA;MODELADO Y SIMULACION;4;T;B;1;0;VIERNES;14;15;IN203;50;22;CARLOS RAMON QUISPE ONOFRE
240;IF669BIN;INGENIERIA INFORMATICA;MODELADO Y SIMULACION;4;P;A;0;2;MIÉRCOLES;14;16;LAB303;24;22;CARLOS RAMON QUISPE ONOFRE
241;IF710AIN;INGENIERIA INFORMATICA;SEMINARIO DE INVESTIGACION I;3;T;A;2;0;LUNES;11;13;IN203;50;28;YESHICA ISELA ORMEÑO AYALA
242;IF710AIN;INGENIERIA INFORMATICA;SEMINARIO DE INVESTIGACION I;3;P;A;0;2;MIÉRCOLES;11;13;IN203;50;28;YESHICA ISELA ORMEÑO AYALA
243;IF710BIN;INGENIERIA INFORMATICA;SEMINARIO DE INVESTIGACION I;3;T;B;2;0;LUNES;18;20;IN203;50;42;HARLEY VERA OLIVERA
244;IF710BIN;INGENIERIA INFORMATICA;SEMINARIO DE INVESTIGACION I;3;P;A;0;2;MIÉRCOLES;18;20;IN203;50;42;HARLEY VERA OLIVERA
245;IF711AIN;INGENIERIA INFORMATICA;SEMINARIO DE INVESTIGACION II;3;T;A;2;0;VIERNES;12;14;IN206;50;25;YESHICA ISELA ORMEÑO AYALA
246;IF711AIN;INGENIERIA INFORMATICA;SEMINARIO DE INVESTIGACION II;3;P;A;0;2;SABADO ;9;11;IN206;50;25;YESHICA ISELA ORMEÑO AYALA
247;IF711BIN;INGENIERIA INFORMATICA;SEMINARIO DE INVESTIGACION II;3;T;B;2;0;LUNES;7;9;IN102;50;40;RAY DUEÑAS JIMENEZ
248;IF711BIN;INGENIERIA INFORMATICA;SEMINARIO DE INVESTIGACION II;3;P;A;0;2;MIÉRCOLES;7;9;IN102;50;40;RAY DUEÑAS JIMENEZ
249;IF758ACI;INGENIERIA CIVIL;METODOS NUMERICOS;3;T;A;1;0;MIÉRCOLES;13;14;CIPRO-301;;33;LINO AQUILES BACA CARDENAS
250;IF758ACI;INGENIERIA CIVIL;METODOS NUMERICOS;3;P;A;0;2;MARTES;7;9;CIPRO-301;;33;VANESA LAVILLA ALVAREZ
251;IF758ACI;INGENIERIA CIVIL;METODOS NUMERICOS;3;P;A;0;2;JUEVES;7;9;CIPRO-301;;33;VANESA LAVILLA ALVAREZ
252;IF758BCI;INGENIERIA CIVIL;METODOS NUMERICOS;3;T;B;1;0;MIÉRCOLES;13;14;CIPRO-401;;29;ENRIQUE GAMARRA SALDIVAR
253;IF758BCI;INGENIERIA CIVIL;METODOS NUMERICOS;3;P;B;0;2;MARTES;7;9;LAB310;24;29;ENRIQUE GAMARRA SALDIVAR
254;IF758BCI;INGENIERIA CIVIL;METODOS NUMERICOS;3;P;B;0;2;JUEVES;7;9;LAB310;24;29;ENRIQUE GAMARRA SALDIVAR
255;IF902AAO / IF902AZO;AGRONOMÍA / ZOOTÉCNIA;TECNOLOGIAS DE LA INFORMACION Y LA COMUNICACIÓN;3;T;A;2;0;LUNES;14;16;VIRTUAL;;75;HECTOR EDUARDO UGARTE ROJAS
256;IF902AAO / IF902AZO;AGRONOMÍA / ZOOTÉCNIA;TECNOLOGIAS DE LA INFORMACION Y LA COMUNICACIÓN;3;P;A;0;2;MIÉRCOLES;14;16;VIRTUAL;;38;LUZ INDIRA TICONA FELIX
257;IF902AAO / IF902AZO;AGRONOMÍA / ZOOTÉCNIA;TECNOLOGIAS DE LA INFORMACION Y LA COMUNICACIÓN;3;P;B;0;2;MIÉRCOLES;14;16;VIRTUAL;;37;BORIS CHULLO LLAVE
258;IF902AAN / IF902BCC;ANTROPOLOGÍA / CS. DE LA COMUNICACIÓN(B);TECNOLOGIAS DE LA INFORMACION Y LA COMUNICACIÓN;3;T;A;2;0;JUEVES;9;11;VIRTUAL;;56;VANESSA MARIBEL CHOQUE SOTO
259;IF902AAN / IF902BCC;ANTROPOLOGÍA / CS. DE LA COMUNICACIÓN(B);TECNOLOGIAS DE LA INFORMACION Y LA COMUNICACIÓN;3;P;A;0;2;MARTES;9;11;VIRTUAL;;56;GABRIELA ZÚÑIGA ROJAS
260;IF902AAQ;ARQUEOLOGIA;TECNOLOGIAS DE LA INFORMACION Y LA COMUNICACIÓN;3;T;A;2;0;MARTES;11;13;VIRTUAL;;34;WILLIAN ZAMALLOA PARO
261;IF902AAQ;ARQUEOLOGIA;TECNOLOGIAS DE LA INFORMACION Y LA COMUNICACIÓN;3;P;A;0;2;JUEVES;11;13;VIRTUAL;;34;OLMER CLAUDIO VILLENA LEON
262;IF902AAT;ARQUITECTURA;TECNOLOGIAS DE LA INFORMACION Y LA COMUNICACIÓN;3;T;A;2;0;MARTES;14;16;VIRTUAL;;64;ANA ROCIO CARDENAS MAITA
263;IF902AAT;ARQUITECTURA;TECNOLOGIAS DE LA INFORMACION Y LA COMUNICACIÓN;3;P;A;0;2;JUEVES;14;16;VIRTUAL;;32;ANA ROCIO CARDENAS MAITA
264;IF902AAT;ARQUITECTURA;TECNOLOGIAS DE LA INFORMACION Y LA COMUNICACIÓN;3;P;B;0;2;JUEVES;14;16;VIRTUAL;;32;LISHA SABAH DIAZ CACERES
265;IF902ABI;BIOLOGIA;TECNOLOGIAS DE LA INFORMACION Y LA COMUNICACIÓN;3;T;A;2;0;MARTES;18;20;VIRTUAL;;55;MARITZA KATHERINE IRPANOCA CUSIMAYTA
266;IF902ABI;BIOLOGIA;TECNOLOGIAS DE LA INFORMACION Y LA COMUNICACIÓN;3;P;A;0;2;JUEVES;18;20;VIRTUAL;;55;CARLOS RAMON QUISPE ONOFRE
267;IF902BBI / IF902AMC;BIOLOGIA(B) / ING. MECÁNICA;TECNOLOGIAS DE LA INFORMACION Y LA COMUNICACIÓN;3;T;A;2;0;MARTES;18;20;VIRTUAL;;55;DARIO FRANCISCO DUEÑAS BUSTINZA
268;IF902BBI / IF902AMC;BIOLOGIA(B) / ING. MECÁNICA;TECNOLOGIAS DE LA INFORMACION Y LA COMUNICACIÓN;3;P;A;0;2;JUEVES;18;20;VIRTUAL;;55;MARITZA KATHERINE IRPANOCA CUSIMAYTA
269;IF902AAE / IF902CHI;CIENCIAS ADMINISTRATIVAS / HISTORIA(C);TECNOLOGIAS DE LA INFORMACION Y LA COMUNICACIÓN;3;T;A;2;0;MARTES;7;9;VIRTUAL;;65;JAVIER DAVID CHAVEZ CENTENO
270;IF902AAE / IF902CHI;CIENCIAS ADMINISTRATIVAS / HISTORIA(C);TECNOLOGIAS DE LA INFORMACION Y LA COMUNICACIÓN;3;P;A;0;2;JUEVES;7;9;VIRTUAL;;33;OLMER CLAUDIO VILLENA LEON
271;IF902AAE / IF902CHI;CIENCIAS ADMINISTRATIVAS / HISTORIA(C);TECNOLOGIAS DE LA INFORMACION Y LA COMUNICACIÓN;3;P;B;0;2;JUEVES;7;9;VIRTUAL;;32;GABRIELA ZÚÑIGA ROJAS
272;IF902BAE / IF902BEO;CIENCIAS ADMINISTRATIVAS(B) / ECONOMÍA(B);TECNOLOGIAS DE LA INFORMACION Y LA COMUNICACIÓN;3;T;A;2;0;MIÉRCOLES;18;20;VIRTUAL;;53;TANY VILLALBA VILLALBA
273;IF902BAE / IF902BEO;CIENCIAS ADMINISTRATIVAS(B) / ECONOMÍA(B);TECNOLOGIAS DE LA INFORMACION Y LA COMUNICACIÓN;3;P;A;0;2;LUNES;18;20;VIRTUAL;;53;GABRIELA ZÚÑIGA ROJAS
274;IF902ACC;CIENCIAS DE LA COMUNICACIÓN;TECNOLOGIAS DE LA INFORMACION Y LA COMUNICACIÓN;3;T;A;2;0;JUEVES;9;11;VIRTUAL;;56;LINO AQUILES BACA CARDENAS
275;IF902ACC;CIENCIAS DE LA COMUNICACIÓN;TECNOLOGIAS DE LA INFORMACION Y LA COMUNICACIÓN;3;P;A;0;2;MARTES;9;11;VIRTUAL;;56;LINO AQUILES BACA CARDENAS
276;IF902ACO;CONTABILIDAD;TECNOLOGIAS DE LA INFORMACION Y LA COMUNICACIÓN;3;T;A;2;0;MIÉRCOLES;18;20;VIRTUAL;;60;DORIS SABINA AGUIRRE CARBAJAL
277;IF902ACO;CONTABILIDAD;TECNOLOGIAS DE LA INFORMACION Y LA COMUNICACIÓN;3;P;A;0;2;LUNES;18;20;VIRTUAL;;30;RAY DUEÑAS JIMENEZ
278;IF902ACO;CONTABILIDAD;TECNOLOGIAS DE LA INFORMACION Y LA COMUNICACIÓN;3;P;B;0;2;LUNES;18;20;VIRTUAL;;30;LISHA SABAH DIAZ CACERES
279;IF902BCO / IF902CEO;CONTABILIDAD(B) / ECONOMIA(C);TECNOLOGIAS DE LA INFORMACION Y LA COMUNICACIÓN;3;T;A;2;0;MIÉRCOLES;18;20;VIRTUAL;;52;ESTHER CRISTINA PACHECO VASQUEZ
280;IF902BCO / IF902CEO;CONTABILIDAD(B) / ECONOMIA(C);TECNOLOGIAS DE LA INFORMACION Y LA COMUNICACIÓN;3;P;A;0;2;LUNES;18;20;VIRTUAL;;52;ESTHER CRISTINA PACHECO VASQUEZ
281;IF902ADR;DERECHO;TECNOLOGIAS DE LA INFORMACION Y LA COMUNICACIÓN;3;T;A;2;0;MARTES;11;13;VIRTUAL;;60;RAY DUEÑAS JIMENEZ
282;IF902ADR;DERECHO;TECNOLOGIAS DE LA INFORMACION Y LA COMUNICACIÓN;3;P;A;0;2;JUEVES;11;13;VIRTUAL;;30;BORIS CHULLO LLAVE
283;IF902ADR;DERECHO;TECNOLOGIAS DE LA INFORMACION Y LA COMUNICACIÓN;3;P;B;0;2;JUEVES;11;13;VIRTUAL;;30;MARCIO FERNANDO MERMA QUISPE
284;IF902AEO / IF902BHI;ECONOMÍA(A) / HISTORIA(B);TECNOLOGIAS DE LA INFORMACION Y LA COMUNICACIÓN;3;T;A;2;0;MARTES;7;9;VIRTUAL;;66;JISBAJ GAMARRAS SALAS
285;IF902AEO / IF902BHI;ECONOMÍA(A) / HISTORIA(B);TECNOLOGIAS DE LA INFORMACION Y LA COMUNICACIÓN;3;P;A;0;2;JUEVES;7;9;VIRTUAL;;33;JISBAJ GAMARRAS SALAS
286;IF902AEO / IF902BHI;ECONOMÍA(A) / HISTORIA(B);TECNOLOGIAS DE LA INFORMACION Y LA COMUNICACIÓN;3;P;B;0;2;JUEVES;7;9;VIRTUAL;;33;LINO AQUILES BACA CARDENAS
287;IF902AEE;EDUCACION (ESPINAR);TECNOLOGIAS DE LA INFORMACION Y LA COMUNICACIÓN;3;T;A;2;0;MARTES;14;16;VIRTUAL;;59;CARLOS RAMON QUISPE ONOFRE
288;IF902AEE;EDUCACION (ESPINAR);TECNOLOGIAS DE LA INFORMACION Y LA COMUNICACIÓN;3;P;A;0;2;JUEVES;14;16;VIRTUAL;;59;OLMER CLAUDIO VILLENA LEON
289;IF902AEU;EDUCACION;TECNOLOGIAS DE LA INFORMACION Y LA COMUNICACIÓN;3;T;A;2;0;JUEVES;9;11;VIRTUAL;;66;JAVIER DAVID CHAVEZ CENTENO
290;IF902AEU;EDUCACION;TECNOLOGIAS DE LA INFORMACION Y LA COMUNICACIÓN;3;P;A;0;2;MARTES;9;11;VIRTUAL;;33;JAVIER DAVID CHAVEZ CENTENO
291;IF902AEU;EDUCACION;TECNOLOGIAS DE LA INFORMACION Y LA COMUNICACIÓN;3;P;B;0;2;MARTES;9;11;VIRTUAL;;33;VITALI QUISPE SURCO
292;IF902BEU;EDUCACION;TECNOLOGIAS DE LA INFORMACION Y LA COMUNICACIÓN;3;T;B;2;0;JUEVES;9;11;VIRTUAL;;67;ESTHER CRISTINA PACHECO VASQUEZ
293;IF902BEU;EDUCACION;TECNOLOGIAS DE LA INFORMACION Y LA COMUNICACIÓN;3;P;A;0;2;MARTES;9;11;VIRTUAL;;34;ESTHER CRISTINA PACHECO VASQUEZ
294;IF902BEU;EDUCACION;TECNOLOGIAS DE LA INFORMACION Y LA COMUNICACIÓN;3;P;B;0;2;MARTES;9;11;VIRTUAL;;33;GERAR FRANCIS QUISPE TORRES
295;IF902CEU;EDUCACION;TECNOLOGIAS DE LA INFORMACION Y LA COMUNICACIÓN;3;T;C;2;0;LUNES;14;16;VIRTUAL;;66;ROXANA LISETTE QUINTANILLA PORTUGAL
296;IF902CEU;EDUCACION;TECNOLOGIAS DE LA INFORMACION Y LA COMUNICACIÓN;3;P;A;0;2;MIÉRCOLES;14;16;VIRTUAL;;33;LISHA SABAH DIAZ CACERES
297;IF902CEU;EDUCACION;TECNOLOGIAS DE LA INFORMACION Y LA COMUNICACIÓN;3;P;B;0;2;MIÉRCOLES;14;16;VIRTUAL;;33;ROXANA LISETTE QUINTANILLA PORTUGAL
298;IF902DEU;EDUCACION;TECNOLOGIAS DE LA INFORMACION Y LA COMUNICACIÓN;3;T;D;2;0;LUNES;14;16;VIRTUAL;;69;DORIS SABINA AGUIRRE CARBAJAL
299;IF902DEU;EDUCACION;TECNOLOGIAS DE LA INFORMACION Y LA COMUNICACIÓN;3;P;A;0;2;MIÉRCOLES;14;16;VIRTUAL;;35;VITALI QUISPE SURCO
300;IF902DEU;EDUCACION;TECNOLOGIAS DE LA INFORMACION Y LA COMUNICACIÓN;3;P;B;0;2;MIÉRCOLES;14;16;VIRTUAL;;34;VANESA LAVILLA ALVAREZ
301;IF902AEN;ENFERMERIA;TECNOLOGIAS DE LA INFORMACION Y LA COMUNICACIÓN;3;T;A;2;0;MIÉRCOLES;16;18;VIRTUAL;;54;DORIS SABINA AGUIRRE CARBAJAL
302;IF902AEN;ENFERMERIA;TECNOLOGIAS DE LA INFORMACION Y LA COMUNICACIÓN;3;P;A;0;2;LUNES;16;18;VIRTUAL;;54;GABRIELA ZÚÑIGA ROJAS
303;IF902BEN / IF902AQF;ENFERMERÍA(B) / FARMACIA Y BIOQUIMICA;TECNOLOGIAS DE LA INFORMACION Y LA COMUNICACIÓN;3;T;A;2;0;MIÉRCOLES;16;18;VIRTUAL;;70;TANY VILLALBA VILLALBA
304;IF902BEN / IF902AQF;ENFERMERÍA(B) / FARMACIA Y BIOQUIMICA;TECNOLOGIAS DE LA INFORMACION Y LA COMUNICACIÓN;3;P;A;0;2;LUNES;16;18;VIRTUAL;;35;TANY VILLALBA VILLALBA
305;IF902BEN / IF902AQF;ENFERMERÍA(B) / FARMACIA Y BIOQUIMICA;TECNOLOGIAS DE LA INFORMACION Y LA COMUNICACIÓN;3;P;B;0;2;LUNES;16;18;VIRTUAL;;35;JONEL CCENTE ZUZUNAGA
306;IF902AFL / IF902APS;FILOSOFÍA / PSICOLOGÍA;TECNOLOGIAS DE LA INFORMACION Y LA COMUNICACIÓN;3;T;A;2;0;LUNES;7;9;VIRTUAL;;58;ROXANA LISETTE QUINTANILLA PORTUGAL
307;IF902AFL / IF902APS;FILOSOFÍA / PSICOLOGÍA;TECNOLOGIAS DE LA INFORMACION Y LA COMUNICACIÓN;3;P;A;0;2;MIÉRCOLES;7;9;VIRTUAL;;58;ROXANA LISETTE QUINTANILLA PORTUGAL
308;IF902AFI / IF902AME;FÍSICA / MATEMÁTICAS;TECNOLOGIAS DE LA INFORMACION Y LA COMUNICACIÓN;3;T;A;2;0;MARTES;18;20;VIRTUAL;;58;EFRAINA GLADYS CUTIPA ARAPA
309;IF902AFI / IF902AME;FÍSICA / MATEMÁTICAS;TECNOLOGIAS DE LA INFORMACION Y LA COMUNICACIÓN;3;P;A;0;2;JUEVES;18;20;VIRTUAL;;58;DORIS SABINA AGUIRRE CARBAJAL
310;IF902AHI;HISTORIA;TECNOLOGIAS DE LA INFORMACION Y LA COMUNICACIÓN;3;T;A;2;0;MARTES;7;9;VIRTUAL;;67;CARLOS RAMON QUISPE ONOFRE
311;IF902AHI;HISTORIA;TECNOLOGIAS DE LA INFORMACION Y LA COMUNICACIÓN;3;P;A;0;2;JUEVES;7;9;VIRTUAL;;34;CARLOS RAMON QUISPE ONOFRE
312;IF902AHI;HISTORIA;TECNOLOGIAS DE LA INFORMACION Y LA COMUNICACIÓN;3;P;B;0;2;JUEVES;7;9;VIRTUAL;;33;MARCIO FERNANDO MERMA QUISPE
313;IF902ACI;INGENIERIA CIVIL;TECNOLOGIAS DE LA INFORMACION Y LA COMUNICACIÓN;3;T;A;2;0;MARTES;14;16;VIRTUAL;;69;LUIS ALVARO MONZON CONDORI
314;IF902ACI;INGENIERIA CIVIL;TECNOLOGIAS DE LA INFORMACION Y LA COMUNICACIÓN;3;P;A;0;2;JUEVES;14;16;VIRTUAL;;35;LINO AQUILES BACA CARDENAS
315;IF902ACI;INGENIERIA CIVIL;TECNOLOGIAS DE LA INFORMACION Y LA COMUNICACIÓN;3;P;B;0;2;JUEVES;14;16;VIRTUAL;;34;ROXANA LISETTE QUINTANILLA PORTUGAL
316;IF902AIA / IF902AVS;ING. AGROINDUSTRIAL (SIC) / MEDICINA VETERINARIA (SIC);TECNOLOGIAS DE LA INFORMACION Y LA COMUNICACIÓN;3;T;A;2;0;MARTES;14;16;VIRTUAL;;71;RAY DUEÑAS JIMENEZ
317;IF902AIA / IF902AVS;ING. AGROINDUSTRIAL (SIC) / MEDICINA VETERINARIA (SIC);TECNOLOGIAS DE LA INFORMACION Y LA COMUNICACIÓN;3;P;A;0;2;JUEVES;14;16;VIRTUAL;;36;EDELMIRA DAVILA ANDRADE
318;IF902AIA / IF902AVS;ING. AGROINDUSTRIAL (SIC) / MEDICINA VETERINARIA (SIC);TECNOLOGIAS DE LA INFORMACION Y LA COMUNICACIÓN;4;P;B;0;2;JUEVES;14;16;VIRTUAL;;35;LISHA SABAH DIAZ CACERES
319;IF902AMI / IF902AQM;ING. DE MINAS / QUÍMICA(A);TECNOLOGIAS DE LA INFORMACION Y LA COMUNICACIÓN;3;T;A;2;0;JUEVES;16;18;VIRTUAL;;54;MARITZA KATHERINE IRPANOCA CUSIMAYTA
320;IF902AMI / IF902AQM;ING. DE MINAS / QUÍMICA(A);TECNOLOGIAS DE LA INFORMACION Y LA COMUNICACIÓN;3;P;A;0;2;MARTES;16;18;VIRTUAL;;54;GABRIELA ZÚÑIGA ROJAS
321;IF902AEI / IF902BIN;ING. ELÉCTRICA / ING. INFORMÁTICA(B);TECNOLOGIAS DE LA INFORMACION Y LA COMUNICACIÓN;3;T;A;2;0;MARTES;14;16;VIRTUAL;;71;HECTOR EDUARDO UGARTE ROJAS
322;IF902AEI / IF902BIN;ING. ELÉCTRICA / ING. INFORMÁTICA(B);TECNOLOGIAS DE LA INFORMACION Y LA COMUNICACIÓN;3;P;A;0;2;JUEVES;14;16;VIRTUAL;;36;LUZ INDIRA TICONA FELIX
323;IF902AEI / IF902BIN;ING. ELÉCTRICA / ING. INFORMÁTICA(B);TECNOLOGIAS DE LA INFORMACION Y LA COMUNICACIÓN;3;P;B;0;2;JUEVES;14;16;VIRTUAL;;35;VANESA LAVILLA ALVAREZ
324;IF902ALI / IF902AIN;ING. ELECTRÓNICA / ING. INFORMÁTICA(A);TECNOLOGIAS DE LA INFORMACION Y LA COMUNICACIÓN;3;T;A;2;0;MARTES;14;16;VIRTUAL;;65;HENRY SAMUEL DUEÑAS DE LA CRUZ
325;IF902ALI / IF902AIN;ING. ELECTRÓNICA / ING. INFORMÁTICA(A);TECNOLOGIAS DE LA INFORMACION Y LA COMUNICACIÓN;3;P;A;0;2;JUEVES;14;16;VIRTUAL;;33;HENRY SAMUEL DUEÑAS DE LA CRUZ
326;IF902ALI / IF902AIN;ING. ELECTRÓNICA / ING. INFORMÁTICA(A);TECNOLOGIAS DE LA INFORMACION Y LA COMUNICACIÓN;3;P;B;0;2;JUEVES;14;16;VIRTUAL;;32;VANESA LAVILLA ALVAREZ
327;IF902AFO / IF902AVE;ING. FORESTAL (PTO MDO.) / MEDICINA VETERINARIA (ESP);TECNOLOGIAS DE LA INFORMACION Y LA COMUNICACIÓN;3;T;A;2;0;MARTES;14;16;VIRTUAL;;42;YESHICA ISELA ORMEÑO AYALA
328;IF902AFO / IF902AVE;ING. FORESTAL (PTO MDO.) / MEDICINA VETERINARIA (ESP);TECNOLOGIAS DE LA INFORMACION Y LA COMUNICACIÓN;3;P;A;0;2;JUEVES;14;16;VIRTUAL;;42;MARCIO FERNANDO MERMA QUISPE
329;IF902AGI / IF902APQ;ING. GEOLÓGICA / ING. PETROQUÍMICA;TECNOLOGIAS DE LA INFORMACION Y LA COMUNICACIÓN;3;T;A;2;0;JUEVES;16;18;VIRTUAL;;53;DARIO FRANCISCO DUEÑAS BUSTINZA
330;IF902AGI / IF902APQ;ING. GEOLÓGICA / ING. PETROQUÍMICA;TECNOLOGIAS DE LA INFORMACION Y LA COMUNICACIÓN;3;P;A;0;2;MARTES;16;18;VIRTUAL;;53;LISHA SABAH DIAZ CACERES
331;IF902AMT / IF902BQM;ING. METALÚRGICA / QUÍMICA(B);TECNOLOGIAS DE LA INFORMACION Y LA COMUNICACIÓN;3;T;A;2;0;JUEVES;16;18;VIRTUAL;;50;JONEL CCENTE ZUZUNAGA
332;IF902AMT / IF902BQM;ING. METALÚRGICA / QUÍMICA(B);TECNOLOGIAS DE LA INFORMACION Y LA COMUNICACIÓN;3;P;A;0;2;MARTES;16;18;VIRTUAL;;50;EDELMIRA DAVILA ANDRADE
333;IF902AQI;INGENIERIA QUIMICA;TECNOLOGIAS DE LA INFORMACION Y LA COMUNICACIÓN;3;T;A;2;0;JUEVES;16;18;VIRTUAL;;59;MANUEL AURELIO PEÑALOZA FIGUEROA
334;IF902AQI;INGENIERIA QUIMICA;TECNOLOGIAS DE LA INFORMACION Y LA COMUNICACIÓN;3;P;A;0;2;MARTES;16;18;VIRTUAL;;59;LUIS ALVARO MONZON CONDORI
335;IF902AMD / IF902AOD;MEDICINA HUMANA / ODONTOLOGÍA;TECNOLOGIAS DE LA INFORMACION Y LA COMUNICACIÓN;3;T;A;2;0;MIÉRCOLES;16;18;VIRTUAL;;52;LISETH URPY SEGUNDO CARPIO
336;IF902AMD / IF902AOD;MEDICINA HUMANA / ODONTOLOGÍA;TECNOLOGIAS DE LA INFORMACION Y LA COMUNICACIÓN;3;P;A;0;2;LUNES;16;18;VIRTUAL;;52;LISETH URPY SEGUNDO CARPIO
337;IF902ATU;TURISMO;TECNOLOGIAS DE LA INFORMACION Y LA COMUNICACIÓN;3;T;A;2;0;MIÉRCOLES;9;11;VIRTUAL;;55;EMILIO PALOMINO OLIVERA
338;IF902ATU;TURISMO;TECNOLOGIAS DE LA INFORMACION Y LA COMUNICACIÓN;3;P;A;0;2;LUNES;9;11;VIRTUAL;;55;VANESA LAVILLA ALVAREZ
339;IF619AIN;INGENIERIA INFORMATICA;ANÁLISIS DE DATOS EMPRESARIALES;3;P;B;0;2;JUEVES;7;9;LAB304;24;0;CURSO DESACTIVADO